[{"pk": 1, "model": "inventory.transactiontipo", "fields": {"obj": "jade.inventory.models.Sale", "name": "Sale"}}, {"pk": 2, "model": "inventory.transactiontipo", "fields": {"obj": "jade.inventory.models.Purchase", "name": "Purchase"}}, {"pk": 3, "model": "inventory.transactiontipo", "fields": {"obj": "jade.inventory.models.Count", "name": "Count"}}, {"pk": 4, "model": "inventory.transactiontipo", "fields": {"obj": "jade.inventory.models.ClientPayment", "name": "ClientPayment"}}, {"pk": 5, "model": "inventory.transactiontipo", "fields": {"obj": "jade.inventory.models.VendorPayment", "name": "VendorPayment"}}, {"pk": 6, "model": "inventory.transactiontipo", "fields": {"obj": "jade.inventory.models.VendorGarantee", "name": "VendorGarantee"}}, {"pk": 7, "model": "inventory.transactiontipo", "fields": {"obj": "jade.inventory.models.ClientGarantee", "name": "ClientGarantee"}}, {"pk": 8, "model": "inventory.transactiontipo", "fields": {"obj": "jade.inventory.models.SaleReturn", "name": "SaleReturn"}}, {"pk": 9, "model": "inventory.transactiontipo", "fields": {"obj": "jade.inventory.models.PurchaseReturn", "name": "PurchaseReturn"}}, {"pk": 10, "model": "inventory.transactiontipo", "fields": {"obj": "jade.inventory.models.ClientRefund", "name": "ClientRefund"}}, {"pk": 11, "model": "inventory.transactiontipo", "fields": {"obj": "jade.inventory.models.VendorRefund", "name": "VendorRefund"}}, {"pk": 12, "model": "inventory.transactiontipo", "fields": {"obj": "jade.production.models.Production", "name": "Production"}}, {"pk": 13, "model": "inventory.transactiontipo", "fields": {"obj": "jade.production.models.Process", "name": "Process"}}, {"pk": 14, "model": "inventory.transactiontipo", "fields": {"obj": "jade.production.models.Job", "name": "Job"}}, {"pk": 1, "model": "inventory.report", "fields": {"body": "<html>\r\n<style>\r\n    body{line-height:16px;}\r\n    td.numero {text-align:left;}\r\n    td.texto {text-align:left;}\r\n    table {border:solid;height:200px;}\r\n@page {\r\n    size:letter;\r\n  {% if watermark_filename %}\r\nbackground-image: url({{watermark_filename}});\r\n{% endif %}\r\n  top: 3.2cm;\r\n  left: 1.7cm;\r\n      @frame header{\r\n        top:3.4cm;\r\n        height: 1.3cm;\r\n        left: 3.7cm;\r\n        right: 1.7cm;\r\n        -pdf-frame-content: headerContent;\r\n      }\r\n      @frame table{\r\n        top:5.3cm;\r\n        height: 5.8cm;\r\n        left: 1.7cm;\r\n        right: 1.7cm;\r\n        -pdf-frame-content: tableContent;\r\n      }\r\n      @frame totals{\r\n        top:11cm;\r\n        height: 2.3cm;\r\n        left: 2.7cm;\r\n        right: 1.7cm;\r\n        -pdf-frame-content: totalsContent;\r\n      }\r\n  right: 1.7cm;\r\n  }\r\n</style>\r\n<body>\r\n    <table id=\"headerContent\">\r\n        <tr>\r\n            <td style=\"width:11.5cm;\">{{doc.0.client.name}}</td>\r\n            <td>{{doc.0.date|date:\"m/d/Y\"}}</td>\r\n        </tr>\r\n        <tr><td colspan=\"2\">{{doc.0.client.address}}</td></tr>\r\n        <tr>\r\n            <td>{{doc.0.client.tax_number}}</td>\r\n            <td>{{doc.0.form_of_payment}}</td>\r\n        </tr>\r\n    </table>\r\n    <table id=\"tableContent\">\r\n         {% for sale in doc %}\r\n            <tr>\r\n                <td class=\"numero\" style=\"width:68px;\">{{sale.quantity|floatformat:-2}}</td>\r\n                <td class=\"texto\" style=\"width:387px;\">{{sale.item.name}}</td>\r\n                <td class=\"numero\" style=\"width:58px;\">${{sale.unit_charge|floatformat:2}}</td>\r\n                <td class=\"numero\" style=\"width:47px;\"> </td>\r\n                <td class=\"numero\" style=\"width:47px;\"> </td>\r\n                <td class=\"numero\">${{sale.charge|floatformat:2}}</td>\r\n            </tr>\r\n        {%endfor%}\r\n    </table>\r\n    <table id=\"totalsContent\">\r\n        <tr>\r\n            <td style=\"width:15.2cm;\">${{charge|floatformat:2}}</td>\r\n            <td>${{charge|floatformat:2}}</td>\r\n        </tr>\r\n        <tr>\r\n            <td></td>\r\n            <td>${{charge|floatformat:2}}</td>\r\n        </tr>\r\n        <tr/><tr/>\r\n        <tr>\r\n            <td></td>\r\n            <td>${{charge|floatformat:2}}</td>\r\n        </tr>\r\n\r\n    </table>\r\n</body>", "image": "uploaded_images/receipt1.jpg", "name": "Factura de Consumidor Final"}}, {"pk": 6, "model": "inventory.report", "fields": {"body": "<html>\r\n<style>\r\n    body{line-height:16px;}\r\n    td.numero {text-align:left;}\r\n    td.texto {text-align:left;}\r\n    table {border:solid;height:200px;}\r\n@page {\r\n    size:letter;\r\n  {% if watermark_filename %}\r\nbackground-image: url({{watermark_filename}});\r\n{% endif %}\r\n  top: 3.2cm;\r\n  left: 1.7cm;\r\n      @frame header{\r\n        top:3.4cm;\r\n        height: 1.3cm;\r\n        left: 3.7cm;\r\n        right: 1.7cm;\r\n        -pdf-frame-content: headerContent;\r\n      }\r\n      @frame table{\r\n        top:5.3cm;\r\n        height: 5.8cm;\r\n        left: 1.7cm;\r\n        right: 1.7cm;\r\n        -pdf-frame-content: tableContent;\r\n      }\r\n      @frame totals{\r\n        top:11cm;\r\n        height: 2.3cm;\r\n        left: 2.7cm;\r\n        right: 1.7cm;\r\n        -pdf-frame-content: totalsContent;\r\n      }\r\n  right: 1.7cm;\r\n  }\r\n</style>\r\n<body>\r\n    <table id=\"headerContent\">\r\n        <tr>\r\n            <td style=\"width:11.5cm;\">{{doc.0.client.name}}</td>\r\n            <td>{{doc.0.date|date:\"m/d/Y\"}}</td>\r\n        </tr>\r\n        <tr><td colspan=\"2\">{{doc.0.client.address}}</td></tr>\r\n        <tr>\r\n            <td>{{doc.0.client.tax_number}}</td>\r\n            <td>{{doc.0.form_of_payment}}</td>\r\n        </tr>\r\n    </table>\r\n    <table id=\"tableContent\">\r\n         {% for sale in doc %}\r\n            <tr>\r\n                <td class=\"numero\" style=\"width:68px;\">{{sale.quantity|floatformat:-2}}</td>\r\n                <td class=\"texto\" style=\"width:387px;\">{{sale.item.name}}</td>\r\n                <td class=\"numero\" style=\"width:58px;\">${{sale.unit_charge|floatformat:2}}</td>\r\n                <td class=\"numero\" style=\"width:47px;\"> </td>\r\n                <td class=\"numero\" style=\"width:47px;\"> </td>\r\n                <td class=\"numero\">${{sale.charge|floatformat:2}}</td>\r\n            </tr>\r\n        {%endfor%}\r\n    </table>\r\n    <table id=\"totalsContent\">\r\n        <tr>\r\n            <td style=\"width:15.2cm;\">${{charge|floatformat:2}}</td>\r\n            <td>${{charge|floatformat:2}}</td>\r\n        </tr>\r\n        <tr>\r\n            <td></td>\r\n            <td>${{charge|floatformat:2}}</td>\r\n        </tr>\r\n        <tr/><tr/>\r\n        <tr>\r\n            <td></td>\r\n            <td>${{charge|floatformat:2}}</td>\r\n        </tr>\r\n\r\n    </table>\r\n</body>", "image": "", "name": "Factura de Credito Fiscal"}}, {"pk": 7, "model": "inventory.report", "fields": {"body": "<!DOCTYPE HTML PUBLIC \"-//W3C//DTD HTML 4.01 Transitional//EN\" \"http://www.w3.org/TR/html4/loose.dtd\">\r\n<html>\r\n    <head>\r\n        <title></title>\r\n        <meta http-equiv=\"Content-Type\" content=\"text/html;charset=ISO-8859-1\" >\r\n        <meta http-equiv=\"Content-Script-Type\" content=\"text/javascript\" >\r\n        <meta http-equiv=\"Content-Style-Type\" content=\"text/css\" >\r\n        <style type=\"text/css\">\r\n            h1 {\r\n                height: 60px;\r\n                min-width: 960px;\r\n                background: #e4f2fd;\r\n                border-bottom: 1px solid #c6d9e9;\r\n                font-family:Georgia,Times,\"Times New Roman\",serif;\r\n                font-weight:normal;\r\n                color:#555555;\r\n                font-size:36px;\r\n                line-height:1em;\r\n                min-width:500px;\r\n                padding-top:34px;\r\n                text-align:center;\r\n                text-shadow:0 1px 0 #E4F2FD;\r\n            }\r\n            th{text-align:left;}\r\n            .row1{  \r\n                -moz-background-clip:border;\r\n                -moz-background-inline-policy:continuous;\r\n                -moz-background-origin:padding;\r\n                background:#EDF3FE none repeat scroll 0 0;\r\n            }\r\n            .row2{\r\n                -moz-background-clip:border;\r\n                -moz-background-inline-policy:continuous;\r\n                -moz-background-origin:padding;\r\n                background:white none repeat scroll 0 0;\r\n            }\r\n            body{line-height:16px;}\r\n            td.numero {text-align:left;}\r\n            td.texto {text-align:left;}\r\n            table {border:solid;height:200px;}\r\n            @page {\r\n                size:letter;\r\n                {% if watermark_filename %}\r\n                    background-image: url({{watermark_filename}});\r\n                {% endif %}\r\n                top: 1cm;\r\n                left: 1cm;\r\n                right: 1.7cm;\r\n            }\r\n        </style>\r\n    </head>\r\n    <body>\r\n        <h1>Lista de Precios</h1>\r\n        <table id=\"tableContent\">\r\n            <thead>\r\n                <tr><th>Nombre</th><th>Description</th><th>Precio</th></tr>\r\n            </thead>\r\n            <tbody>\r\n                {% for object in items %}\r\n                    <tr class=\"{% cycle \"row1\" \"row2\" %}\"><td class=\"texto\">{{object.name}}</td><td class=\"texto\">{{object.description}}</td><td class=\"numero\">${{object.price|default:0|floatformat:2}}</td></tr>\r\n                    \r\n                {%endfor%}\r\n            </tbody>\r\n            \r\n        </table>\r\n    </body>\r\n</html>", "image": "", "name": "Hoja de Precios"}}, {"pk": 8, "model": "inventory.report", "fields": {"body": "<!DOCTYPE HTML PUBLIC \"-//W3C//DTD HTML 4.01 Transitional//EN\" \"http://www.w3.org/TR/html4/loose.dtd\">\r\n<html>\r\n    <head>\r\n        <title></title>\r\n        <meta http-equiv=\"Content-Type\" content=\"text/html;charset=ISO-8859-1\" >\r\n        <meta http-equiv=\"Content-Script-Type\" content=\"text/javascript\" >\r\n        <meta http-equiv=\"Content-Style-Type\" content=\"text/css\" >\r\n        <style type=\"text/css\">\r\n            h1 {\r\n                height: 60px;\r\n                min-width: 960px;\r\n                background: #e4f2fd;\r\n                border-bottom: 1px solid #c6d9e9;\r\n                font-family:Georgia,Times,\"Times New Roman\",serif;\r\n                font-weight:normal;\r\n                color:#555555;\r\n                font-size:36px;\r\n                line-height:1em;\r\n                min-width:500px;\r\n                padding-top:34px;\r\n                text-align:center;\r\n                text-shadow:0 1px 0 #E4F2FD;\r\n            }\r\n            th{text-align:left;}\r\n            .row1{  \r\n                -moz-background-clip:border;\r\n                -moz-background-inline-policy:continuous;\r\n                -moz-background-origin:padding;\r\n                background:#EDF3FE none repeat scroll 0 0;\r\n            }\r\n            .row2{\r\n                -moz-background-clip:border;\r\n                -moz-background-inline-policy:continuous;\r\n                -moz-background-origin:padding;\r\n                background:white none repeat scroll 0 0;\r\n            }\r\n            body{line-height:16px;}\r\n            td.numero {text-align:left;}\r\n            td.texto {text-align:left;}\r\n            table {border:solid;height:200px;}\r\n            @page {\r\n                size:letter;\r\n                {% if watermark_filename %}\r\n                    background-image: url({{watermark_filename}});\r\n                {% endif %}\r\n                top: 1cm;\r\n                left: 1cm;\r\n                right: 1.7cm;\r\n            }\r\n        </style>\r\n    </head>\r\n    <body>\r\n        <h1>Lista de Inventario</h1>\r\n        <table id=\"tableContent\">\r\n            <thead>\r\n                <tr><th>Nombre</th><th>Locacion</th><th>Cantidad</th><th>Unidad</th><th>Costo</th><th>Total</th></tr>\r\n            </thead>\r\n            <tbody>\r\n                {% for object in items %}\r\n                     <tr class=\"{% cycle \"row1\" \"row2\" %}\"><td>{{object.name}}</td><td>{{object.location}}</td><td>{{object.stock}}</td><td>{{object.unit}}</td><td>${{object.cost|default:0|floatformat:2}}</td><td>${{object.total_cost|default:0|floatformat:2}}</td></tr>                    \r\n                {%endfor%}\r\n            </tbody>            \r\n        </table>\r\n    </body>\r\n</html>", "image": "", "name": "Reporte de Inventario"}}, {"pk": 9, "model": "inventory.report", "fields": {"body": "<!DOCTYPE HTML PUBLIC \"-//W3C//DTD HTML 4.01 Transitional//EN\" \"http://www.w3.org/TR/html4/loose.dtd\">\r\n<html>\r\n    <head>\r\n        <title></title>\r\n        <meta http-equiv=\"Content-Type\" content=\"text/html;charset=ISO-8859-1\" >\r\n        <meta http-equiv=\"Content-Script-Type\" content=\"text/javascript\" >\r\n        <meta http-equiv=\"Content-Style-Type\" content=\"text/css\" >\r\n        <style type=\"text/css\">\r\n            h1 {\r\n                height: 60px;\r\n                min-width: 960px;\r\n                background: #e4f2fd;\r\n                border-bottom: 1px solid #c6d9e9;\r\n                font-family:Georgia,Times,\"Times New Roman\",serif;\r\n                font-weight:normal;\r\n                color:#555555;\r\n                font-size:36px;\r\n                line-height:1em;\r\n                min-width:500px;\r\n                padding-top:34px;\r\n                text-align:center;\r\n                text-shadow:0 1px 0 #E4F2FD;\r\n            }\r\n            th{text-align:left;}\r\n            .row1{  \r\n                -moz-background-clip:border;\r\n                -moz-background-inline-policy:continuous;\r\n                -moz-background-origin:padding;\r\n                background:#EDF3FE none repeat scroll 0 0;\r\n            }\r\n            .row2{\r\n                -moz-background-clip:border;\r\n                -moz-background-inline-policy:continuous;\r\n                -moz-background-origin:padding;\r\n                background:white none repeat scroll 0 0;\r\n            }\r\n            body{line-height:16px;}\r\n            td.numero {text-align:left;}\r\n            td.texto {text-align:left;}\r\n            table {border:solid;height:200px;}\r\n            @page {\r\n                size:letter;\r\n                {% if watermark_filename %}\r\n                    background-image: url({{watermark_filename}});\r\n                {% endif %}\r\n                top: 1cm;\r\n                left: 1cm;\r\n                right: 1.7cm;\r\n            }\r\n        </style>\r\n    </head>\r\n    <body>\r\n        <h1>Cuenta Fisica {{doc.0.doc_number}}</h1>\r\n        <table id=\"tableContent\">\r\n            <thead>\r\n                <tr><th>Item</th><th>Location</th><th>Unit</th><th>Current</th><th>Count</th></tr>\r\n            </thead>\r\n            <tbody>\r\n                {% for count in doc %}\r\n                    <tr class=\"{% cycle \"row1\" \"row2\" %}\">\r\n                        <td class=\"texto\" style=\"width:50%;\">{{count.item.name}}</td>\r\n                        <td class=\"texto\" >{{count.item.location}}</td>\r\n                        <td class=\"texto\" >{{count.item.unit}}</td>\r\n                        <td class=\"numero\" >{{count.item.stock|floatformat:-2}}</td>\r\n                        <td class=\"numero\" >{% if count.count %}{{count.count|floatformat:-2}}{% else %}__________{% endif %}</td>\r\n                    </tr>\r\n                {%endfor%}\r\n            </tbody>\r\n            \r\n        </table>\r\n    </body>\r\n</html>", "image": "", "name": "Hoja de Cuentas Fisicas"}}, {"pk": 10, "model": "inventory.report", "fields": {"body": "{% load tags %}\r\n<html>\r\n    <head>\r\n        <title></title>\r\n        <meta http-equiv=\"Content-Type\" content=\"text/html;charset=ISO-8859-1\" >\r\n        <meta http-equiv=\"Content-Script-Type\" content=\"text/javascript\" >\r\n        <meta http-equiv=\"Content-Style-Type\" content=\"text/css\" >\r\n        <style type=\"text/css\">\r\n            h1 {\r\n                height: 60px;\r\n                min-width: 960px;\r\n                background: #e4f2fd;\r\n                border-bottom: 1px solid #c6d9e9;\r\n                font-family:Georgia,Times,\"Times New Roman\",serif;\r\n                font-weight:normal;\r\n                color:#555555;\r\n                font-size:36px;\r\n                line-height:1em;\r\n                min-width:500px;\r\n                padding-top:34px;\r\n                text-align:center;\r\n                text-shadow:0 1px 0 #E4F2FD;\r\n            }\r\n            th{text-align:left;}\r\n            .row1{  \r\n                -moz-background-clip:border;\r\n                -moz-background-inline-policy:continuous;\r\n                -moz-background-origin:padding;\r\n                background:#EDF3FE none repeat scroll 0 0;\r\n            }\r\n            .row2{\r\n                -moz-background-clip:border;\r\n                -moz-background-inline-policy:continuous;\r\n                -moz-background-origin:padding;\r\n                background:white none repeat scroll 0 0;\r\n            }\r\n            body{line-height:16px;}\r\n            td.numero {text-align:left;}\r\n            td.texto {text-align:left;}\r\n            table {border:solid;height:200px;}\r\n            @page {\r\n                size:letter;\r\n                {% if watermark_filename %}\r\n                    background-image: url({{watermark_filename}});\r\n                {% endif %}\r\n                top: 1cm;\r\n                left: 1cm;\r\n                right: 1.7cm;\r\n            }\r\n        </style>\r\n    </head>\r\n    <body>\r\n        <h1>Corte de Caja {{start|date:\"m/d/Y\"}}{% if end != start %}-{{ end|date:\"m/d/Y\" }}{% endif %}</h1>\r\n        <table id=\"tableContent\"><tbody>\r\n          {% for group in tax_groups_by_series %}\r\n            <tr class=\"{% cycle \"row1\" \"row2\" %}\"><td class=\"texto\">{{group.0.0.client.tax_group.name}}</td><td/><td /></tr>\r\n                {% for series in group %}\r\n                    {% if series.first == series.last %}\r\n                        <tr class=\"{% cycle \"row1\" \"row2\" %}\"><td/><td class=\"texto\">{{series.first}}</td><td class=\"numero\">${{series.value|floatformat:2}}</td></tr>\r\n                    {% else %}\r\n                        <tr class=\"{% cycle \"row1\" \"row2\" %}\"><td/><td class=\"texto\">{{series.first}} - {{series.last}}</td><td class=\"numero\">${{series.value|floatformat:2}}</td></tr>\r\n                    {% endif %}\r\n                {%endfor %}\r\n              <tr class=\"{% cycle \"row1\" \"row2\" %}\"><td class=\"texto\">Total de {{group.0.0.client.tax_group.name}}</td><td /><td class=\"numero\">{% total_value group %}</td></tr>\r\n          {%endfor %}\r\n        </tbody></table>\r\n    </body>\r\n</html>", "image": "", "name": "Corte de Caja"}}, {"pk": 11, "model": "inventory.report", "fields": {"body": "<html>\r\n    <head>\r\n        <title></title>\r\n        <meta http-equiv=\"Content-Type\" content=\"text/html;charset=ISO-8859-1\" >\r\n        <meta http-equiv=\"Content-Script-Type\" content=\"text/javascript\" >\r\n        <meta http-equiv=\"Content-Style-Type\" content=\"text/css\" >\r\n        <style type=\"text/css\">\r\n            h1 {\r\n                height: 60px;\r\n                min-width: 960px;\r\n                background: #e4f2fd;\r\n                border-bottom: 1px solid #c6d9e9;\r\n                font-family:Georgia,Times,\"Times New Roman\",serif;\r\n                font-weight:normal;\r\n                color:#555555;\r\n                font-size:36px;\r\n                line-height:1em;\r\n                min-width:500px;\r\n                padding-top:34px;\r\n                text-align:center;\r\n                text-shadow:0 1px 0 #E4F2FD;\r\n            }\r\n            th{text-align:left;}\r\n            .row1{  \r\n                -moz-background-clip:border;\r\n                -moz-background-inline-policy:continuous;\r\n                -moz-background-origin:padding;\r\n                background:#EDF3FE none repeat scroll 0 0;\r\n            }\r\n            .row2{\r\n                -moz-background-clip:border;\r\n                -moz-background-inline-policy:continuous;\r\n                -moz-background-origin:padding;\r\n                background:white none repeat scroll 0 0;\r\n            }\r\n            body{line-height:16px;}\r\n            td.numero {text-align:left;}\r\n            td.texto {text-align:left;}\r\n            table {border:solid;height:200px;}\r\n            @page {\r\n                size:letter;\r\n                {% if watermark_filename %}\r\n                    background-image: url({{watermark_filename}});\r\n                {% endif %}\r\n                top: 1cm;\r\n                left: 1cm;\r\n                right: 1.7cm;\r\n            }\r\n        </style>\r\n    </head>\r\n    <body>\r\n        <h1>Estado de Cuentas para {{account.name}}</h1>\r\n        <table id=\"tableContent\">\r\n            <thead>\r\n                <tr><th>Fecha</th><th>Tipo</th><th>Producto</th><th>Cantidad</th><th>Valor</th><th>Saldo</th></tr>\r\n            </thead>\r\n            <tbody>\r\n                {% for entry in entries %}\r\n                    <tr class=\"{% cycle \"row1\" \"row2\" %}\">\r\n                        <td class=\"texto\" >{{entry.date}}</td>\r\n                        <td class=\"texto\" >{{entry.transaction.tipo}}</td>\r\n                        <td class=\"texto\" >{{entry.item.name}}</td>\r\n                        <td class=\"numero\" >{{entry.quantity|floatformat:-2}}</td>\r\n                        <td class=\"numero\" >${{entry.value|floatformat:2}}</td>\r\n                        <td class=\"numero\" >${{entry.total|floatformat:2}}</td>\r\n                    </tr>\r\n                {%endfor%}\r\n            </tbody>\r\n            \r\n        </table>\r\n    </body>\r\n</html>", "image": "", "name": "Estado de Cuentas"}}, {"pk": 1, "model": "inventory.unit", "fields": {"name": "Cada Uno"}}, {"pk": 1, "model": "inventory.pricegroup", "fields": {"name": "Publico"}}, {"pk": 2, "model": "inventory.pricegroup", "fields": {"name": "Mayoreo"}}, {"pk": 11, "model": "inventory.account", "fields": {"multiplier": 1, "name": "Activos", "tipo": "Account", "number": "01"}}, {"pk": 4, "model": "inventory.account", "fields": {"multiplier": 1, "name": "Efectivo", "tipo": "Account", "number": "0101"}}, {"pk": 3, "model": "inventory.account", "fields": {"multiplier": 1, "name": "Inventario", "tipo": "Account", "number": "0102"}}, {"pk": 12, "model": "inventory.account", "fields": {"multiplier": 1, "name": "Clientes", "tipo": "Account", "number": "0103"}}, {"pk": 1, "model": "inventory.account", "fields": {"multiplier": 1, "name": "Anonimo", "tipo": "Client", "number": "010301"}}, {"pk": 13, "model": "inventory.account", "fields": {"multiplier": -1, "name": "Pasivos", "tipo": "Account", "number": "02"}}, {"pk": 14, "model": "inventory.account", "fields": {"multiplier": -1, "name": "Proveedores", "tipo": "Account", "number": "0201"}}, {"pk": 2, "model": "inventory.account", "fields": {"multiplier": -1, "name": "No Specificado", "tipo": "Vendor", "number": "020101"}}, {"pk": 7, "model": "inventory.account", "fields": {"multiplier": -1, "name": "Impuestos", "tipo": "Account", "number": "0202"}}, {"pk": 26, "model": "inventory.account", "fields": {"multiplier": -1, "name": "Impuestos de Ventas", "tipo": "Account", "number": "020201"}}, {"pk": 24, "model": "inventory.account", "fields": {"multiplier": -1, "name": "Impuestos de Ventas de Consumidor Final", "tipo": "Account", "number": "02020101"}}, {"pk": 25, "model": "inventory.account", "fields": {"multiplier": -1, "name": "Impuestos de Ventas de Credito Fiscal", "tipo": "Account", "number": "02020102"}}, {"pk": 27, "model": "inventory.account", "fields": {"multiplier": -1, "name": "Impuestos de Compras", "tipo": "Account", "number": "020202"}}, {"pk": 29, "model": "inventory.account", "fields": {"multiplier": -1, "name": "Impuestos de Compras de Consumidor Final", "tipo": "Account", "number": "02020201"}}, {"pk": 30, "model": "inventory.account", "fields": {"multiplier": -1, "name": "Impuestos de Compras de Credito Fiscal", "tipo": "Account", "number": "02020202"}}, {"pk": 15, "model": "inventory.account", "fields": {"multiplier": -1, "name": "Patrocinio", "tipo": "Account", "number": "03"}}, {"pk": 8, "model": "inventory.account", "fields": {"multiplier": -1, "name": "Ingresos", "tipo": "Account", "number": "04"}}, {"pk": 16, "model": "inventory.account", "fields": {"multiplier": -1, "name": "Ingresos de Consumidor Final", "tipo": "Account", "number": "0401"}}, {"pk": 17, "model": "inventory.account", "fields": {"multiplier": -1, "name": "Ventas a Consumidor Final", "tipo": "Account", "number": "040101"}}, {"pk": 18, "model": "inventory.account", "fields": {"multiplier": -1, "name": "Descuentos de Consumidor Final", "tipo": "Account", "number": "040102"}}, {"pk": 19, "model": "inventory.account", "fields": {"multiplier": -1, "name": "Devoluciones de Consumidor Final", "tipo": "Account", "number": "040103"}}, {"pk": 20, "model": "inventory.account", "fields": {"multiplier": -1, "name": "Ingresos de Credito Fiscal", "tipo": "Account", "number": "0402"}}, {"pk": 21, "model": "inventory.account", "fields": {"multiplier": -1, "name": "Ventas a Credito Fiscal", "tipo": "Account", "number": "040201"}}, {"pk": 22, "model": "inventory.account", "fields": {"multiplier": -1, "name": "Descuentos de Credito Fiscal", "tipo": "Account", "number": "040202"}}, {"pk": 23, "model": "inventory.account", "fields": {"multiplier": -1, "name": "Devoluciones de Credito Fiscal", "tipo": "Account", "number": "040203"}}, {"pk": 5, "model": "inventory.account", "fields": {"multiplier": 1, "name": "Gastos", "tipo": "Account", "number": "05"}}, {"pk": 28, "model": "inventory.account", "fields": {"multiplier": 1, "name": "Cuentas Fisicas", "tipo": "Account", "number": "0501"}}, {"pk": 10, "model": "inventory.account", "fields": {"multiplier": -1, "name": "Produccion", "tipo": "Account", "number": "0502"}}, {"pk": 1, "model": "inventory.taxgroup", "fields": {"revenue_account": 17, "discounts_account": 18, "returns_account": 19, "purchases_tax_account": 29, "price_includes_tax": true, "value": "0.00", "sales_tax_account": 24, "name": "Consumidor Final"}}, {"pk": 2, "model": "inventory.taxgroup", "fields": {"revenue_account": 21, "discounts_account": 22, "returns_account": 23, "purchases_tax_account": 30, "price_includes_tax": true, "value": "0.13", "sales_tax_account": 25, "name": "Credito Fiscal"}}, {"pk": 1, "model": "inventory.contact", "fields": {"fax": "", "tax_number": "", "state_name": "", "price_group": 1, "country": "", "tax_group": 1, "registration": "", "account": 1, "work_phone": "", "credit_days": 0, "user": null, "home_phone": "", "address": "", "cell_phone": "", "email": "", "description": ""}}, {"pk": 2, "model": "inventory.contact", "fields": {"fax": "", "tax_number": "", "state_name": "", "price_group": 1, "country": "", "tax_group": 1, "registration": "", "account": 2, "work_phone": "", "credit_days": 0, "user": null, "home_phone": "", "address": "", "cell_phone": "", "email": "", "description": ""}}, {"pk": 1, "model": "inventory.userprofile", "fields": {"price_group": 1, "user": 1}}]
